z_A,planar_electrostatic_potential_eV
0.0,-0.9421408
0.10867288810842371,-0.9421385
0.21734577621684742,-0.94213545
0.32601866432527116,-0.94212663
0.43469155243369484,-0.9420997
0.5433644405421185,-0.94209063
0.6520373286505423,-0.9420877
0.760710216758966,-0.9420655
0.8693831048673897,-0.94205755
0.9780559929758134,-0.9420317
1.086728881084237,-0.9420264
1.1954017691926608,-0.94201744
1.3040746573010846,-0.94201595
1.4127475454095082,-0.942007
1.521420433517932,-0.9420039
1.6300933216263556,-0.9419757
1.7387662097347794,-0.9419678
1.8474390978432031,-0.94194555
1.9561119859516267,-0.94194096
2.0647848740600505,-0.9419332
2.173457762168474,-0.94190496
2.282130650276898,-0.9418971
2.3908035383853217,-0.94189435
2.4994764264937452,-0.94188946
2.6081493146021693,-0.9418819
2.716822202710593,-0.94185364
2.8254950908190164,-0.9418457
2.93416797892744,-0.94182324
3.042840867035864,-0.941814
3.1515137551442876,-0.9418107
3.260186643252711,-0.94178236
3.368859531361135,-0.94177324
3.4775324194695587,-0.94177145
3.5862053075779823,-0.9417622
3.6948781956864063,-0.94173384
3.80355108379483,-0.9417251
3.9122239719032534,-0.9417213
4.0208968600116775,-0.94169873
4.129569748120101,-0.9416895
4.238242636228525,-0.94166106
4.346915524336948,-0.94165283
4.455588412445372,-0.94164973
4.564261300553796,-0.9416406
4.67293418866222,-0.94161224
4.781607076770643,-0.9416062
4.890279964879067,-0.94159925
4.9989528529874905,-0.9415765
5.107625741095914,-0.9415673
5.2162986292043385,-0.9415386
5.324971517312762,-0.94152915
5.433644405421186,-0.94152665
5.542317293529609,-0.9415179
5.650990181638033,-0.94148916
5.759663069746456,-0.94147974
5.86833595785488,-0.94145703
5.977008845963304,-0.9414477
6.085681734071728,-0.9414189
6.1943546221801515,-0.94140935
6.303027510288575,-0.94140613
6.411700398396999,-0.941397
6.520373286505422,-0.9413754
6.629046174613847,-0.941361
6.73771906272227,-0.9413486
6.846391950830694,-0.94133097
6.955064838939117,-0.9413204
7.063737727047541,-0.94129324
7.172410615155965,-0.9412843
7.281083503264388,-0.9412804
7.389756391372813,-0.9412688
7.498429279481236,-0.941241
7.60710216758966,-0.94122607
7.715775055698083,-0.9412071
7.824447943806507,-0.94118357
7.9331208319149304,-0.94116634
8.041793720023355,-0.941162
8.150466608131778,-0.9411524
8.259139496240202,-0.9411238
8.367812384348627,-0.94111377
8.47648527245705,-0.9410909
8.585158160565474,-0.9410812
8.693831048673896,-0.9410522
8.80250393678232,-0.9410423
8.911176824890743,-0.94103825
9.019849712999168,-0.94102675
9.128522601107592,-0.940998
9.237195489216015,-0.9409818
9.34586837732444,-0.9409681
9.454541265432862,-0.9409461
9.563214153541287,-0.94092935
9.67188704164971,-0.9409173
9.780559929758134,-0.94089913
9.889232817866558,-0.9408802
9.997905705974981,-0.94086486
10.106578594083405,-0.940849
10.215251482191828,-0.94083226
10.323924370300253,-0.94081485
10.432597258408677,-0.94079703
10.5412701465171,-0.94078076
10.649943034625524,-0.94076234
10.758615922733947,-0.9407451
10.867288810842371,-0.940728
10.975961698950794,-0.94071114
11.084634587059218,-0.9406919
11.193307475167643,-0.9406745
11.301980363276066,-0.94065744
11.41065325138449,-0.94063956
11.519326139492913,-0.9406237
11.627999027601337,-0.9406207
11.73667191570976,-0.94065547
11.845344803818184,-0.9407866
11.954017691926609,-0.9411259
12.062690580035031,-0.94185686
12.171363468143456,-0.9432735
12.280036356251879,-0.9458264
12.388709244360303,-0.9501719
12.497382132468726,-0.95730025
12.60605502057715,-0.96869886
12.714727908685575,-0.986569
12.823400796793997,-1.0141289
12.932073684902422,-1.0559934
13.040746573010845,-1.1187035
13.149419461119269,-1.2114494
13.258092349227693,-1.3470541
13.366765237336116,-1.5436363
13.47543812544454,-1.8271227
13.584111013552963,-2.2388806
13.692783901661388,-2.816958
13.80145678976981,-3.5583546
13.910129677878235,-4.262285
14.01880256598666,-4.613824
14.127475454095082,-4.566697
14.236148342203506,-4.5024514
14.34482123031193,-4.906601
14.453494118420354,-6.06369
14.562167006528776,-8.086764
14.6708398946372,-10.691047
14.779512782745625,-13.135724
14.888185670854048,-14.770515
14.996858558962472,-15.433731
15.105531447070895,-15.286404
15.21420433517932,-14.592014
15.322877223287744,-13.74133
15.431550111396167,-13.205315
15.540222999504591,-13.266919
15.648895887613014,-13.872826
15.757568775721438,-14.644795
15.866241663829861,-15.080486
15.974914551938285,-14.870956
16.08358744004671,-14.065329
16.192260328155132,-13.031643
16.300933216263555,-12.298719
16.40960610437198,-12.281796
16.518278992480404,-12.979142
16.626951880588827,-13.971678
16.735624768697253,-14.724903
16.844297656805676,-14.862715
16.9529705449141,-14.324788
17.06164343302252,-13.3979225
17.170316321130947,-12.586935
17.27898920923937,-12.36906
17.387662097347793,-12.879213
17.49633498545622,-13.811106
17.60500787356464,-14.637552
17.713680761673064,-14.92294
17.822353649781487,-14.517179
17.931026537889913,-13.626665
18.039699425998336,-12.71779
18.14837231410676,-12.308311
18.257045202215185,-12.646055
18.365718090323607,-13.525726
18.47439097843203,-14.441451
18.583063866540453,-14.909632
18.69173675464888,-14.690401
18.8004096427573,-13.897588
18.909082530865724,-12.944316
19.01775541897415,-12.362821
19.126428307082573,-12.5022135
19.235101195190996,-13.277531
19.34377408329942,-14.233406
19.452446971407845,-14.8532295
19.561119859516268,-14.81698
19.66979274762469,-14.143087
19.778465635733117,-13.179314
19.88713852384154,-12.450433
19.995811411949962,-12.387251
20.104484300058385,-13.028434
20.21315718816681,-13.991331
20.321830076275234,-14.744039
20.430502964383656,-14.896594
20.539175852492082,-14.370645
20.647848740600505,-13.43736
20.756521628708928,-12.594664
20.865194516817354,-12.33176
20.973867404925777,-12.808859
21.0825402930342,-13.737874
21.191213181142622,-14.592903
21.29988606925105,-14.926168
21.40855895735947,-14.566009
21.517231845467894,-13.6977825
21.62590473357632,-12.776887
21.734577621684743,-12.326317
21.843250509793165,-12.61856
21.951923397901588,-13.475675
22.060596286010014,-14.401697
22.169269174118437,-14.904172
22.27794206222686,-14.72432
22.386614950335286,-13.95468
22.49528783844371,-12.994694
22.60396072655213,-12.376767
22.712633614660554,-12.470443
22.82130650276898,-13.218417
22.929979390877403,-14.179527
23.038652278985825,-14.832008
23.14732516709425,-14.838899
23.255998055202674,-14.196517
23.364670943311097,-13.236122
23.47334383141952,-12.477923
23.582016719527946,-12.368314
23.69068960763637,-12.97432
23.79936249574479,-13.933108
23.908035383853218,-14.71219
24.01670827196164,-14.907211
24.125381160070063,-14.418029
24.234054048178486,-13.496842
24.342726936286912,-12.633099
24.451399824395335,-12.325827
24.560072712503757,-12.76182
24.668745600612183,-13.677011
24.777418488720606,-14.550187
24.88609137682903,-14.922096
24.99476426493745,-14.600498
25.103437153045878,-13.750031
25.2121100411543,-12.814254
25.320782929262723,-12.321062
25.42945581737115,-12.56797
25.538128705479572,-13.404715
25.646801593587995,-14.345662
25.75547448169642,-14.890096
25.864147369804844,-14.759872
25.972820257913266,-14.024728
26.08149314602169,-13.069377
26.190166034130115,-12.423969
26.298838922238538,-12.472773
26.40751181034696,-13.184017
26.516184698455387,-14.1331215
26.62485758656381,-14.79474
26.733530474672232,-14.817647
26.842203362780655,-14.179929
26.95087625088908,-13.197525
27.059549138997504,-12.387153
27.168222027105926,-12.224967
27.276894915214353,-12.821141
27.385567803322775,-13.834631
27.494240691431198,-14.732202
27.60291357953962,-15.093527
27.711586467648047,-14.787769
27.82025935575647,-14.049771
27.928932243864892,-13.363517
28.03760513197332,-13.160852
28.14627802008174,-13.574796
28.254950908190164,-14.390721
28.363623796298587,-15.159169
28.472296684407013,-15.452724
28.580969572515436,-14.993811
28.68964246062386,-13.587221
28.798315348732284,-11.292669
28.906988236840707,-8.657539
29.01566112494913,-6.4569893
29.124334013057553,-5.107746
29.23300690116598,-4.5491996
29.3416797892744,-4.545002
29.450352677382824,-4.63621
29.55902556549125,-4.3832483
29.667698453599673,-3.7316492
29.776371341708096,-2.971798
29.88504422981652,-2.3536518
29.993717117924945,-1.9074547
30.102390006033367,-1.6000766
30.21106289414179,-1.386911
30.319735782250216,-1.2396637
30.42840867035864,-1.1387334
30.53708155846706,-1.0702957
30.645754446575488,-1.02447
30.75442733468391,-0.9942018
30.863100222792333,-0.9744985
30.971773110900756,-0.96187645
31.080445999009182,-0.9539368
31.189118887117605,-0.94905776
31.297791775226028,-0.94615364
31.406464663334454,-0.94451076
31.515137551442876,-0.94363683
31.6238104395513,-0.9432096
31.732483327659722,-0.9430213
31.841156215768148,-0.94294906
31.94982910387657,-0.9429277
32.058501991985,-0.9429201
32.16717488009342,-0.9429147
32.27584776820184,-0.9429116
32.384520656310265,-0.9429076
32.49319354441869,-0.9429034
32.60186643252711,-0.9428987
32.71053932063554,-0.94289416
32.81921220874396,-0.94288975
32.927885096852386,-0.9428856
33.03655798496081,-0.9428826
33.14523087306923,-0.9428774
33.253903761177654,-0.9428743
33.362576649286076,-0.9428688
33.471249537394506,-0.94286364
33.57992242550293,-0.9428582
33.68859531361135,-0.9428529
33.797268201719774,-0.9428508
33.9059410898282,-0.9428482
34.01461397793662,-0.9428436
34.12328686604504,-0.94283634
34.23195975415347,-0.94282967
34.340632642261895,-0.9428257
34.44930553037032,-0.9428207
34.55797841847874,-0.9428128
34.66665130658716,-0.9428061
34.775324194695585,-0.9427982
34.88399708280401,-0.94279575
34.99266997091244,-0.94279027
35.10134285902086,-0.9427881
35.21001574712928,-0.942777
35.318688635237706,-0.94276106
35.42736152334613,-0.94275904
35.53603441145455,-0.9427521
35.644707299562974,-0.94275
35.753380187671404,-0.94274914
35.862053075779826,-0.94274837
35.97072596388825,-0.9427461
36.07939885199667,-0.94273925
36.188071740105094,-0.94273686
36.29674462821352,-0.94272155
36.40541751632194,-0.94270986
36.51409040443037,-0.9427076
36.62276329253879,-0.94270045
36.731436180647215,-0.94269836
36.84010906875564,-0.9426779
36.94878195686406,-0.94267565
37.05745484497248,-0.9426687
37.166127733080906,-0.9426664
37.274800621189335,-0.9426538
37.38347350929776,-0.9426388
37.49214639740618,-0.94263655
37.6008192855146,-0.9426295
37.709492173623026,-0.9426271
37.81816506173145,-0.9426262
37.92683794983987,-0.94262385
38.0355108379483,-0.9426167
38.144183726056724,-0.9426143
38.25285661416515,-0.942588
38.36152950227357,-0.9425855
38.47020239038199,-0.9425784
38.578875278490415,-0.94257593
38.68754816659884,-0.94255537
38.79622105470727,-0.9425529
38.90489394281569,-0.94254565
39.01356683092411,-0.94254065
39.122239719032535,-0.9425164
39.23091260714096,-0.9425096
39.33958549524938,-0.9425057
39.4482583833578,-0.9425047
39.55693127146623,-0.9425023
39.665604159574656,-0.942495
39.77427704768308,-0.94249237
39.8829499357915,-0.9424658
39.991622823899924,-0.9424633
40.10029571200835,-0.94245535
40.20896860011677,-0.9424341
40.3176414882252,-0.9424314
40.42631437633362,-0.942424
40.534987264442044,-0.9424213
40.64366015255047,-0.94239485
40.75233304065889,-0.94238716
40.86100592876731,-0.9423836
40.969678816875735,-0.94238245
41.078351704984165,-0.9423797
41.18702459309259,-0.9423721
41.29569748120101,-0.94234437
41.40437036930943,-0.94234174
41.513043257417856,-0.94233423
41.62171614552628,-0.9423244
41.73038903363471,-0.9423093
41.83906192174313,-0.9423018
41.94773480985155,-0.9422992
42.056407697959976,-0.9422711
42.1650805860684,-0.94226366
42.27375347417682,-0.94226086
42.382426362285244,-0.9422583
42.491099250393674,-0.94225085
42.5997721385021,-0.94224805
42.70844502661052,-0.94222
42.81711791471894,-0.94221234
42.925790802827365,-0.9422093
43.03446369093579,-0.94218725
43.14313657904421,-0.94217956
43.25180946715264,-0.9421536
43.36048235526106,-0.9421487
